<?xml version="1.0"?>
<config xmlns:xsi="http://www.w3.org/2001/XMLSchema-instance" xsi:noNamespaceSchemaLocation="urn:magento:module:Magento_Config:etc/system_file.xsd">
    <system>
        <tab id="templatemonster" translate="label" sortOrder="1000">
            <label>TemplateMonster</label>
        </tab>
        <section id="tm_blog" translate="label" type="text" sortOrder="1" showInDefault="1" showInWebsite="1" showInStore="1">
            <class>separator-top</class>
            <label>Blog</label>
            <tab>templatemonster</tab>
            <resource>TemplateMonster_Blog::config_blog</resource>
            <group id="general" translate="label" type="text" sortOrder="10" showInDefault="1" showInWebsite="1" showInStore="1">
                <label>General option</label>
                <field id="active" translate="label comment" type="select" sortOrder="10" showInDefault="1" showInWebsite="1" showInStore="1">
                    <label>Enable/Disable</label>
                    <comment>Enable/Disable module</comment>
                    <source_model>Magento\Config\Model\Config\Source\Enabledisable</source_model>
                </field>
                <field id="toplink_active" translate="label comment" type="select" sortOrder="20" showInDefault="1" showInWebsite="0" showInStore="0">
                    <label>Show in TopLinks</label>
                    <comment>Enable/Disable link 'Blog' in header toplinks</comment>
                    <source_model>Magento\Config\Model\Config\Source\Enabledisable</source_model>
                </field>
                <field id="toplink_label" translate="label comment" type="text" sortOrder="25" showInDefault="1" showInWebsite="1" showInStore="1">
                    <label>Link Title</label>
                    <validate>validate-no-empty</validate>
                    <depends>
                        <field id="toplink_active">1</field>
                    </depends>
                </field>
                <field id="title" translate="label comment" type="text" sortOrder="30" showInDefault="1" showInWebsite="1" showInStore="1">
                    <label>Title</label>
                </field>
                <field id="meta_keywords" translate="label comment" type="textarea" sortOrder="40" showInDefault="1" showInWebsite="1" showInStore="1">
                    <label>Meta Keywords</label>
                </field>
                <field id="meta_description" translate="label comment" type="textarea" sortOrder="50" showInDefault="1" showInWebsite="1" showInStore="1">
                    <label>Meta Description</label>
                </field>
                <field id="route" translate="label comment" type="text" sortOrder="60" showInDefault="1" showInWebsite="1" showInStore="1">
                    <label>Route</label>
                    <comment>If "blog" will be like website.my/blog/</comment>
                </field>
                <field id="limits" translate="label comment" type="text" sortOrder="70" showInDefault="1" showInWebsite="1" showInStore="1">
                    <label>Posts per view</label>
                    <comment>Format "3/6/9"</comment>
                </field>
                <field id="list_layout" translate="label comment" type="select" sortOrder="80" showInDefault="1" showInWebsite="1" showInStore="1">
                    <label>Post List Page Layout</label>
                    <source_model>Magento\Catalog\Model\Category\Attribute\Source\Layout</source_model>
                </field>
                <field id="post_layout" translate="label comment" type="select" sortOrder="90" showInDefault="1" showInWebsite="1" showInStore="1">
                    <label>Post Page Layout</label>
                    <source_model>Magento\Catalog\Model\Category\Attribute\Source\Layout</source_model>
                </field>
            </group>

            <group id="post_view" translate="label" type="text" sortOrder="30" showInDefault="1" showInWebsite="1" showInStore="1">
                <label>Post View</label>

                <group id="related_posts" translate="label" type="text" sortOrder="10" showInDefault="1" showInWebsite="1" showInStore="1">
                    <label>Related Posts</label>
                    <field id="enabled" translate="label comment" type="select" sortOrder="10" showInDefault="1" showInWebsite="1" showInStore="1">
                        <label>Display Related Posts</label>
                        <source_model>Magento\Config\Model\Config\Source\Yesno</source_model>
                    </field>

                    <field id="posts_number" translate="label comment" type="text" sortOrder="20" showInDefault="1" showInWebsite="1" showInStore="1">
                        <label>Number of Posts</label>
                        <depends>
                            <field id="enabled">1</field>
                        </depends>
                    </field>
                </group>

                <group id="related_products" translate="label" type="text" sortOrder="20" showInDefault="1" showInWebsite="1" showInStore="1">
                    <label>Related Products</label>
                    <field id="enabled" translate="label comment" type="select" sortOrder="10" showInDefault="1" showInWebsite="1" showInStore="1">
                        <label>Display Related Products</label>
                        <source_model>Magento\Config\Model\Config\Source\Yesno</source_model>
                    </field>

                    <field id="products_number" translate="label comment" type="text" sortOrder="20" showInDefault="1" showInWebsite="1" showInStore="1">
                        <label>Number of Products</label>
                        <depends>
                            <field id="enabled">1</field>
                        </depends>
                    </field>
                </group>
            </group>
        </section>
    </system>
</config>
