<?xml version="1.0"?>
<config xmlns:xsi="http://www.w3.org/2001/XMLSchema-instance" xsi:noNamespaceSchemaLocation="urn:magento:module:Magento_Config:etc/system_file.xsd">
    <system>
        <tab id="templatemonster" translate="label" sortOrder="1000">
            <label>TemplateMonster</label>
        </tab>
        <section id="ajaxcompare" translate="label" type="text" sortOrder="40" showInDefault="1" showInWebsite="1" showInStore="1">
            <class>separator-top</class>
            <label>Product Compare Ajax</label>
            <tab>templatemonster</tab>
            <resource>TemplateMonster_AjaxCompare::config_ajaxcompare</resource>
            <group id="config" translate="label" type="text" sortOrder="90" showInDefault="1" showInWebsite="1" showInStore="1">
                <label>Product Compare Ajax Config</label>
                <field id="ajaxcompare_product_active" translate="label comment" type="select" sortOrder="10" showInDefault="1" showInWebsite="0" showInStore="0">
                    <label>Product Compare Ajax</label>
                    <comment>Enable/Disable</comment>
                    <source_model>Magento\Config\Model\Config\Source\Enabledisable</source_model>
                </field>
            </group>
        </section>
    </system>
</config>