<?xml version="1.0" ?>
<config xmlns:xsi="http://www.w3.org/2001/XMLSchema-instance" xsi:noNamespaceSchemaLocation="urn:magento:module:Magento_Config:etc/system_file.xsd">
    <system>
        <tab id="templatemonster" translate="label" sortOrder="1000">
            <label>TemplateMonster</label>
        </tab>
        <section id="ajaxwishlist" translate="label" type="text" sortOrder="50" showInDefault="1" showInWebsite="1" showInStore="1">
            <label>Ajax Wishlist</label>
            <tab>templatemonster</tab>
            <resource>TemplateMonster_AjaxWishlist::config_ajaxwishlist</resource>
            <group id="general" translate="label" sortOrder="10" showInDefault="1" showInWebsite="1" showInStore="1">
                <label>General Options</label>
                <field id="enabled" translate="label comment" type="select" sortOrder="10" showInDefault="1" showInWebsite="1" showInStore="1">
                    <label>Enabled</label>
                    <comment>Turn on to enable AjaxWishlist.</comment>
                    <source_model>Magento\Config\Model\Config\Source\Yesno</source_model>
                </field>
                <field id="show_spinner" translate="label comment" type="select" sortOrder="20" showInDefault="1" showInWebsite="1" showInStore="1">
                    <label>Show Spinner</label>
                    <comment>Turn on to enable showing spinner while processing the request.</comment>
                    <source_model>Magento\Config\Model\Config\Source\Yesno</source_model>
                </field>
                <field id="show_success_message" translate="label comment" type="select" sortOrder="30" showInDefault="1" showInWebsite="1" showInStore="1">
                    <label>Show Success Message</label>
                    <comment>Turn on to show success message after adding to wishlist.</comment>
                    <source_model>Magento\Config\Model\Config\Source\Yesno</source_model>
                </field>
                <field id="success_message_text" translate="label comment" type="text" sortOrder="40" showInDefault="1" showInWebsite="1" showInStore="1">
                    <label>Success Message Text</label>
                    <comment>Change the message that appears after adding to wishlist.</comment>
                </field>
            </group>
        </section>
    </system>
</config>