<?xml version="1.0" encoding="UTF-8"?>
<config xmlns:xsi="http://www.w3.org/2001/XMLSchema-instance" xsi:noNamespaceSchemaLocation="urn:magento:framework:Indexer/etc/indexer.xsd">
    <indexer id="mana_filter_attribute" view_id="mana_filter_attribute" class="Manadev\LayeredNavigation\Indexers\AttributeBasedFilterIndexer">
        <title translate="true">Filter Settings</title>
        <description translate="true">(MANAdev) Based on product attribute changes, recalculates layered navigation filter settings</description>
    </indexer>
   <!-- <indexer id="mana_filter_config" view_id="mana_filter_config" class="Manadev\LayeredNavigation\Indexer\Filter\StoreConfiguration">
        <title translate="true">Filter Settings #2</title>
        <description translate="true">(MANAdev) Based on store configuration changes, recalculates layered navigation filter settings</description>
    </indexer>-->
</config>
