<?xml version="1.0"?>
<config xmlns:xsi="http://www.w3.org/2001/XMLSchema-instance" xsi:noNamespaceSchemaLocation="urn:magento:framework:Acl/etc/acl.xsd">
    <acl>
        <resources>
            <resource id="Magento_Backend::admin">
                <resource id="TemplateMonster_FilmSlider::filmsliders" title="FilmSlider" sortOrder="30">
                    <resource id="TemplateMonster_FilmSlider::filmslider_grid"
                              title="Film Slider Grid" sortOrder="10"/>
                    <resource id="TemplateMonster_FilmSlider::filmslider_save"
                              title="Film Slider Save" sortOrder="20"/>
                    <resource id="TemplateMonster_FilmSlider::filmslider_edit"
                              title="Film Slider Edit" sortOrder="30"/>
                    <resource id="TemplateMonster_FilmSlider::filmslider_remove"
                              title="Film Slider Remove" sortOrder="40"/>
                    <resource id="TemplateMonster_FilmSlider::filmslider_mass"
                              title="Film Slider Mass" sortOrder="50"/>
                    <resource id="TemplateMonster_FilmSlider::filmslider_item_edit"
                              title="Film Slider Item Edit" sortOrder="60"/>
                    <resource id="TemplateMonster_FilmSlider::filmslider_item_save"
                              title="Film Slider Item Save" sortOrder="70"/>
                    <resource id="TemplateMonster_FilmSlider::filmslider_item_remove"
                              title="Film Slider Item Remove" sortOrder="80"/>
                </resource>
            </resource>
        </resources>
    </acl>
</config>