<?xml version="1.0"?>
<!--
 @category    Mana
 @package     Manadev_ProductCollection
 @copyright   Copyright (c) http://www.manadev.com
 @license     http://www.manadev.com/license  Proprietary License
-->
<config xmlns:xsi="http://www.w3.org/2001/XMLSchema-instance" xsi:noNamespaceSchemaLocation="urn:magento:module:Magento_Config:etc/system_file.xsd">
    <system>
        <section id="mana_core">
            <group id="log" translate="label" type="text" sortOrder="10200" showInDefault="1" showInWebsite="1" showInStore="1">
                <label>Detailed Logs for Troubleshooting</label>
                <field id="product_collection_queries" translate="label" type="select" sortOrder="200" showInDefault="1" showInWebsite="1" showInStore="1">
                    <label>Product Collection Queries</label>
                    <source_model>Magento\Config\Model\Config\Source\Yesno</source_model>
                </field>
            </group>
        </section>
    </system>
</config>