<?xml version="1.0"?>
<config xmlns:xsi="http://www.w3.org/2001/XMLSchema-instance" xsi:noNamespaceSchemaLocation="urn:magento:framework:Acl/etc/acl.xsd">
    <acl>
        <resources>
            <resource id="Magento_Backend::admin">
                <resource id="Magento_Backend::content">
                    <resource id="TemplateMonster_Blog::blog_elements" title="Blog">
                        <resource id="TemplateMonster_Blog::post" title="Posts" sortOrder="10">
                            <resource id="TemplateMonster_Blog::post_save" title="Save Post" sortOrder="10" />
                            <resource id="TemplateMonster_Blog::post_delete" title="Delete Post" sortOrder="20" />
                        </resource>
                        <resource id="TemplateMonster_Blog::comment" title="Comments" sortOrder="20">
                            <resource id="TemplateMonster_Blog::comment_save" title="Save Comment" sortOrder="10" />
                            <resource id="TemplateMonster_Blog::comment_delete" title="Delete Comment" sortOrder="20" />
                        </resource>
                    </resource>
                </resource>
                <resource id="Magento_Backend::stores">
                    <resource id="Magento_Backend::stores_settings">
                        <resource id="Magento_Config::config">
                            <resource id="TemplateMonster_Blog::config_blog" title="Config Blog" />
                        </resource>
                    </resource>
                </resource>
            </resource>
        </resources>
    </acl>
</config>
