<?xml version="1.0"?>
<config xmlns:xsi="http://www.w3.org/2001/XMLSchema-instance" xsi:noNamespaceSchemaLocation="urn:magento:framework:ObjectManager/etc/config.xsd">
    <preference for="TemplateMonster\Blog\Api\Data\PostInterface" type="TemplateMonster\Blog\Model\Post" />
    <virtualType name="BlogGirdFilterPool" type="Magento\Framework\View\Element\UiComponent\DataProvider\FilterPool">
        <arguments>
            <argument name="appliers" xsi:type="array">
                <item name="regular" xsi:type="object">Magento\Framework\View\Element\UiComponent\DataProvider\RegularFilter</item>
                <item name="fulltext" xsi:type="object">Magento\Framework\View\Element\UiComponent\DataProvider\FulltextFilter</item>
            </argument>
        </arguments>
    </virtualType>
    <virtualType name="PostGridDataProvider" type="Magento\Framework\View\Element\UiComponent\DataProvider\DataProvider">
        <arguments>
            <argument name="collection" xsi:type="object" shared="false">TemplateMonster\Blog\Model\Resource\Post\Collection</argument>
            <argument name="filterPool" xsi:type="object" shared="false">BlogGirdFilterPool</argument>
        </arguments>
    </virtualType>
    <virtualType name="TemplateMonster\Blog\Model\ResourceModel\Post\Grid\Collection" type="Magento\Framework\View\Element\UiComponent\DataProvider\SearchResult">
        <arguments>
            <argument name="mainTable" xsi:type="string">tm_blog_post</argument>
            <argument name="resourceModel" xsi:type="string">TemplateMonster\Blog\Model\ResourceModel\Post</argument>
        </arguments>
    </virtualType>
    <type name="Magento\Framework\View\Element\UiComponent\DataProvider\CollectionFactory">
        <arguments>
            <argument name="collections" xsi:type="array">
                <item name="tm_blog_post_listing_data_source" xsi:type="string">TemplateMonster\Blog\Model\ResourceModel\Post\Grid\Collection</item>
            </argument>
        </arguments>
    </type>
    <preference for="TemplateMonster\Blog\Api\Data\CommentInterface" type="TemplateMonster\Blog\Model\Comment" />
    <virtualType name="BlogGirdFilterPool" type="Magento\Framework\View\Element\UiComponent\DataProvider\FilterPool">
        <arguments>
            <argument name="appliers" xsi:type="array">
                <item name="regular" xsi:type="object">Magento\Framework\View\Element\UiComponent\DataProvider\RegularFilter</item>
                <item name="fulltext" xsi:type="object">Magento\Framework\View\Element\UiComponent\DataProvider\FulltextFilter</item>
            </argument>
        </arguments>
    </virtualType>
    <virtualType name="CommentGridDataProvider" type="Magento\Framework\View\Element\UiComponent\DataProvider\DataProvider">
        <arguments>
            <argument name="collection" xsi:type="object" shared="false">TemplateMonster\Blog\Model\Resource\Comment\Collection</argument>
            <argument name="filterPool" xsi:type="object" shared="false">BlogGirdFilterPool</argument>
        </arguments>
    </virtualType>
    <virtualType name="TemplateMonster\Blog\Model\ResourceModel\Comment\Grid\Collection" type="Magento\Framework\View\Element\UiComponent\DataProvider\SearchResult">
        <arguments>
            <argument name="mainTable" xsi:type="string">tm_blog_comment</argument>
            <argument name="resourceModel" xsi:type="string">TemplateMonster\Blog\Model\ResourceModel\Comment</argument>
        </arguments>
    </virtualType>
    <type name="Magento\Framework\View\Element\UiComponent\DataProvider\CollectionFactory">
        <arguments>
            <argument name="collections" xsi:type="array">
                <item name="tm_blog_comment_listing_data_source" xsi:type="string">TemplateMonster\Blog\Model\ResourceModel\Comment\Grid\Collection</item>
            </argument>
        </arguments>
    </type>
</config>